[{"uid":"bcf71d22055ba531","name":"Ürün arama ve sepete ekleme {\"urun\":\"Makarna\",\"index\":\"3\"}","time":{"start":1729679974220,"stop":1729680063242,"duration":89022},"status":"passed","severity":"normal"},{"uid":"5810a9c7f422d13f","name":"Ürün arama ve sepete ekleme {\"urun\":\"Domates\",\"index\":\"2\"}","time":{"start":1729679856588,"stop":1729679917129,"duration":60541},"status":"passed","severity":"normal"},{"uid":"d44545b1932e6f11","name":"Ürün arama ve sepete ekleme {\"urun\":\"Simit\",\"index\":\"2\"}","time":{"start":1729679917820,"stop":1729679973740,"duration":55920},"status":"passed","severity":"normal"},{"uid":"7102d94fc6b8b752","name":"Urunlerin Kategorisel Aranması {\"Kategori\":\"Kağıt, Kozmetik\",\"AltKategori\":\"Bakım Ürünleri ve Epilasyon\"}","time":{"start":1729679383296,"stop":1729679549217,"duration":165921},"status":"passed","severity":"normal"},{"uid":"f09c61f6fa2f2dfd","name":"Sepeti Boşalt Fonksiyonu","time":{"start":1729680245444,"stop":1729680313752,"duration":68308},"status":"passed","severity":"normal"},{"uid":"a297a8c3bcbe339c","name":"Devam eden ve tamamlanan kampanyalar sayfaları","time":{"start":1729678859857,"stop":1729678921026,"duration":61169},"status":"passed","severity":"normal"},{"uid":"49387662abf808dd","name":"Sepetim Sayfası","time":{"start":1729680118160,"stop":1729680244379,"duration":126219},"status":"passed","severity":"normal"},{"uid":"e609ae9ce98e033d","name":"Proilim ve Çıkış","time":{"start":1729678773470,"stop":1729678859398,"duration":85928},"status":"passed","severity":"normal"},{"uid":"4dfc4cadacff4e2e","name":"Urunlerin Kategorisel Aranması {\"Kategori\":\"Süt, Kahvaltılık\",\"AltKategori\":\"Peynir\"}","time":{"start":1729679059864,"stop":1729679193600,"duration":133736},"status":"passed","severity":"normal"},{"uid":"af44e53178a54a9e","name":"Urunlerin Kategorisel Aranması {\"Kategori\":\"Ev, Yaşam\",\"AltKategori\":\"Kırtasiye\"}","time":{"start":1729679626205,"stop":1729679855498,"duration":229293},"status":"failed","severity":"normal"},{"uid":"90ecbe10850904af","name":"Urunlerin Kategorisel Aranması {\"Kategori\":\"Bebek Dünyası\",\"AltKategori\":\"Bebek Bezi, Islak Havlu, Alt Açma\"}","time":{"start":1729679247244,"stop":1729679382871,"duration":135627},"status":"passed","severity":"normal"},{"uid":"f1217457c4c27d1f","name":"Login","time":{"start":1729678745664,"stop":1729678772904,"duration":27240},"status":"passed","severity":"normal"},{"uid":"b3db3f0d862b1298","name":"Urunlerin Kategorisel Aranması {\"Kategori\":\"Elektronik\",\"AltKategori\":\"Telefon\"}","time":{"start":1729679549503,"stop":1729679625063,"duration":75560},"status":"failed","severity":"normal"},{"uid":"2863851af9e352dc","name":"Urunlerin Kategorisel Aranması {\"Kategori\":\"Gıda, Şekerleme\",\"AltKategori\":\"Salça, Harç ve Bulyon\"}","time":{"start":1729679194048,"stop":1729679245767,"duration":51719},"status":"failed","severity":"normal"},{"uid":"b085968bdd16ede4","name":"Ürün arama ve sepete ekleme {\"urun\":\"Yumurta\",\"index\":\"4\"}","time":{"start":1729680063870,"stop":1729680116399,"duration":52529},"status":"failed","severity":"normal"},{"uid":"eef5c0350f133ca7","name":"Urunlerin Kategorisel Aranması {\"Kategori\":\"Meyve, Sebze\",\"AltKategori\":\"Meyve\"}","time":{"start":1729678921332,"stop":1729679058849,"duration":137517},"status":"passed","severity":"normal"}]