{"total":7,"items":[{"uid":"f6865bb6ce3acf682f067adfc7d6e5c1","name":"Urunler","statistic":{"failed":3,"broken":0,"skipped":0,"passed":4,"unknown":0,"total":7}},{"uid":"ba46017dcc1ccaf1460556fedfd34f62","name":"Arama","statistic":{"failed":1,"broken":0,"skipped":0,"passed":3,"unknown":0,"total":4}},{"uid":"1a85855463aca3ea10b8fe0fcb3372b8","name":"Login","statistic":{"failed":0,"broken":0,"skipped":0,"passed":1,"unknown":0,"total":1}},{"uid":"5cfc8b125791674adad96c2a93870f82","name":"Profilim","statistic":{"failed":0,"broken":0,"skipped":0,"passed":1,"unknown":0,"total":1}},{"uid":"e2e1265b4601affc12ac50d116b61ebc","name":"Kampanyalarım","statistic":{"failed":0,"broken":0,"skipped":0,"passed":1,"unknown":0,"total":1}},{"uid":"d14a7bbcf16d6480e34d273c56b83682","name":"Sepetim @current","statistic":{"failed":0,"broken":0,"skipped":0,"passed":1,"unknown":0,"total":1}},{"uid":"ab37c91850d8550063b4b7135c9abbf5","name":"Sepeti Boşalt","statistic":{"failed":0,"broken":0,"skipped":0,"passed":1,"unknown":0,"total":1}}]}