{"6f5c45685ab6159fb351cf9af3fdc0f2":{"statistic":{"failed":0,"broken":0,"skipped":0,"passed":1,"unknown":0,"total":1},"items":[{"uid":"f1217457c4c27d1f","status":"passed","time":{"start":1729678745664,"stop":1729678772904,"duration":27240}}]},"baf6088e76ed4724a35009bb233f1683":{"statistic":{"failed":1,"broken":0,"skipped":0,"passed":0,"unknown":0,"total":1},"items":[{"uid":"b3db3f0d862b1298","status":"failed","statusDetails":"element ((//*[contains(@text,'eklendi.')])[1]) still not visible after 10 sec","time":{"start":1729679549503,"stop":1729679625063,"duration":75560}}]},"24653563e7c796b90a0277e900e63a5d":{"statistic":{"failed":1,"broken":0,"skipped":0,"passed":0,"unknown":0,"total":1},"items":[{"uid":"af44e53178a54a9e","status":"failed","statusDetails":"Element not found after maximum retry count","time":{"start":1729679626205,"stop":1729679855498,"duration":229293}}]},"6e9ecb186c525c6ceb209adb7e5b27f1":{"statistic":{"failed":0,"broken":0,"skipped":0,"passed":1,"unknown":0,"total":1},"items":[{"uid":"f09c61f6fa2f2dfd","status":"passed","time":{"start":1729680245444,"stop":1729680313752,"duration":68308}}]},"af02a3f97c29c68cf2631c6202efc58":{"statistic":{"failed":0,"broken":0,"skipped":0,"passed":1,"unknown":0,"total":1},"items":[{"uid":"bcf71d22055ba531","status":"passed","time":{"start":1729679974220,"stop":1729680063242,"duration":89022}}]},"b0416476ad83dbd50f302358b7081284":{"statistic":{"failed":0,"broken":0,"skipped":0,"passed":1,"unknown":0,"total":1},"items":[{"uid":"a297a8c3bcbe339c","status":"passed","time":{"start":1729678859857,"stop":1729678921026,"duration":61169}}]},"11f976edb2b777f3feb6034ab71c52a8":{"statistic":{"failed":0,"broken":0,"skipped":0,"passed":1,"unknown":0,"total":1},"items":[{"uid":"4dfc4cadacff4e2e","status":"passed","time":{"start":1729679059864,"stop":1729679193600,"duration":133736}}]},"333643c9dee83700e354475163c6aa43":{"statistic":{"failed":0,"broken":0,"skipped":0,"passed":1,"unknown":0,"total":1},"items":[{"uid":"e609ae9ce98e033d","status":"passed","time":{"start":1729678773470,"stop":1729678859398,"duration":85928}}]},"fe2cef79d0a3cca8a991287a9d755a04":{"statistic":{"failed":0,"broken":0,"skipped":0,"passed":1,"unknown":0,"total":1},"items":[{"uid":"49387662abf808dd","status":"passed","time":{"start":1729680118160,"stop":1729680244379,"duration":126219}}]},"e8c60c7ca70b854efee3af0b54246840":{"statistic":{"failed":0,"broken":0,"skipped":0,"passed":1,"unknown":0,"total":1},"items":[{"uid":"5810a9c7f422d13f","status":"passed","time":{"start":1729679856588,"stop":1729679917129,"duration":60541}}]},"643736891fc5656eafec369ba819b4a2":{"statistic":{"failed":1,"broken":0,"skipped":0,"passed":0,"unknown":0,"total":1},"items":[{"uid":"b085968bdd16ede4","status":"failed","statusDetails":"Clickable element \"//*[(@text= 'Sepete Ekle')]\" was not found by text|CSS|XPath","time":{"start":1729680063870,"stop":1729680116399,"duration":52529}}]},"b5c5134f5adc9adbdafe817f69cafeff":{"statistic":{"failed":0,"broken":0,"skipped":0,"passed":1,"unknown":0,"total":1},"items":[{"uid":"eef5c0350f133ca7","status":"passed","time":{"start":1729678921332,"stop":1729679058849,"duration":137517}}]},"6afe1f1576fa0f16d6a75aa8eea5f973":{"statistic":{"failed":1,"broken":0,"skipped":0,"passed":0,"unknown":0,"total":1},"items":[{"uid":"2863851af9e352dc","status":"failed","statusDetails":"Clickable element \"(//*[@text='Salça, Harç ve Bulyon'])[1]\" was not found by text|CSS|XPath","time":{"start":1729679194048,"stop":1729679245767,"duration":51719}}]},"30df234e31e39576d1d89603bcf13ccd":{"statistic":{"failed":0,"broken":0,"skipped":0,"passed":1,"unknown":0,"total":1},"items":[{"uid":"7102d94fc6b8b752","status":"passed","time":{"start":1729679383296,"stop":1729679549217,"duration":165921}}]},"5b366e2a57c878d739f695e1c3b2dae6":{"statistic":{"failed":0,"broken":0,"skipped":0,"passed":1,"unknown":0,"total":1},"items":[{"uid":"90ecbe10850904af","status":"passed","time":{"start":1729679247244,"stop":1729679382871,"duration":135627}}]},"76322da9235df5dba7b043b0dca957cf":{"statistic":{"failed":0,"broken":0,"skipped":0,"passed":1,"unknown":0,"total":1},"items":[{"uid":"d44545b1932e6f11","status":"passed","time":{"start":1729679917820,"stop":1729679973740,"duration":55920}}]}}