{"uid":"4b4757e66a1912dae1a509f688f20b0f","name":"categories","children":[{"name":"Product defects","children":[{"name":"Clickable element \"(//*[@text='Salça, Harç ve Bulyon'])[1]\" was not found by text|CSS|XPath","children":[{"name":"Urunlerin Kategorisel Aranması {\"Kategori\":\"Gıda, Şekerleme\",\"AltKategori\":\"Salça, Harç ve Bulyon\"}","uid":"2863851af9e352dc","parentUid":"7f9f139cbd61d805ba2236b2b1d8962d","status":"failed","time":{"start":1729679194048,"stop":1729679245767,"duration":51719},"flaky":false,"newFailed":false,"newPassed":false,"newBroken":false,"retriesCount":0,"retriesStatusChange":false,"parameters":[],"tags":[]}],"uid":"7f9f139cbd61d805ba2236b2b1d8962d"},{"name":"element ((//*[contains(@text,'eklendi.')])[1]) still not visible after 10 sec","children":[{"name":"Urunlerin Kategorisel Aranması {\"Kategori\":\"Elektronik\",\"AltKategori\":\"Telefon\"}","uid":"b3db3f0d862b1298","parentUid":"2e6ab7ed20d0d3571bfc3952bfacd726","status":"failed","time":{"start":1729679549503,"stop":1729679625063,"duration":75560},"flaky":false,"newFailed":false,"newPassed":false,"newBroken":false,"retriesCount":0,"retriesStatusChange":false,"parameters":[],"tags":[]}],"uid":"2e6ab7ed20d0d3571bfc3952bfacd726"},{"name":"Element not found after maximum retry count","children":[{"name":"Urunlerin Kategorisel Aranması {\"Kategori\":\"Ev, Yaşam\",\"AltKategori\":\"Kırtasiye\"}","uid":"af44e53178a54a9e","parentUid":"93a6036a28b4da64425b08284212d960","status":"failed","time":{"start":1729679626205,"stop":1729679855498,"duration":229293},"flaky":false,"newFailed":false,"newPassed":false,"newBroken":false,"retriesCount":0,"retriesStatusChange":false,"parameters":[],"tags":[]}],"uid":"93a6036a28b4da64425b08284212d960"},{"name":"Clickable element \"//*[(@text= 'Sepete Ekle')]\" was not found by text|CSS|XPath","children":[{"name":"Ürün arama ve sepete ekleme {\"urun\":\"Yumurta\",\"index\":\"4\"}","uid":"b085968bdd16ede4","parentUid":"3956d813fa807c913785b9e5e037ed5d","status":"failed","time":{"start":1729680063870,"stop":1729680116399,"duration":52529},"flaky":false,"newFailed":false,"newPassed":false,"newBroken":false,"retriesCount":0,"retriesStatusChange":false,"parameters":[],"tags":[]}],"uid":"3956d813fa807c913785b9e5e037ed5d"}],"uid":"8fb3a91ba5aaf9de24cc8a92edc82b5d"}]}