{"uid":"98d3104e051c652961429bf95fa0b5d6","name":"suites","children":[{"name":"Login","children":[{"name":"Login","uid":"f1217457c4c27d1f","parentUid":"1a85855463aca3ea10b8fe0fcb3372b8","status":"passed","time":{"start":1729678745664,"stop":1729678772904,"duration":27240},"flaky":false,"newFailed":false,"newPassed":false,"newBroken":false,"retriesCount":0,"retriesStatusChange":false,"parameters":[],"tags":[]}],"uid":"1a85855463aca3ea10b8fe0fcb3372b8"},{"name":"Profilim","children":[{"name":"Proilim ve Çıkış","uid":"e609ae9ce98e033d","parentUid":"5cfc8b125791674adad96c2a93870f82","status":"passed","time":{"start":1729678773470,"stop":1729678859398,"duration":85928},"flaky":false,"newFailed":false,"newPassed":false,"newBroken":false,"retriesCount":0,"retriesStatusChange":false,"parameters":[],"tags":[]}],"uid":"5cfc8b125791674adad96c2a93870f82"},{"name":"Kampanyalarım","children":[{"name":"Devam eden ve tamamlanan kampanyalar sayfaları","uid":"a297a8c3bcbe339c","parentUid":"e2e1265b4601affc12ac50d116b61ebc","status":"passed","time":{"start":1729678859857,"stop":1729678921026,"duration":61169},"flaky":false,"newFailed":false,"newPassed":false,"newBroken":false,"retriesCount":0,"retriesStatusChange":false,"parameters":[],"tags":[]}],"uid":"e2e1265b4601affc12ac50d116b61ebc"},{"name":"Urunler","children":[{"name":"Urunlerin Kategorisel Aranması {\"Kategori\":\"Meyve, Sebze\",\"AltKategori\":\"Meyve\"}","uid":"eef5c0350f133ca7","parentUid":"f6865bb6ce3acf682f067adfc7d6e5c1","status":"passed","time":{"start":1729678921332,"stop":1729679058849,"duration":137517},"flaky":false,"newFailed":false,"newPassed":false,"newBroken":false,"retriesCount":0,"retriesStatusChange":false,"parameters":[],"tags":[]},{"name":"Urunlerin Kategorisel Aranması {\"Kategori\":\"Süt, Kahvaltılık\",\"AltKategori\":\"Peynir\"}","uid":"4dfc4cadacff4e2e","parentUid":"f6865bb6ce3acf682f067adfc7d6e5c1","status":"passed","time":{"start":1729679059864,"stop":1729679193600,"duration":133736},"flaky":false,"newFailed":false,"newPassed":false,"newBroken":false,"retriesCount":0,"retriesStatusChange":false,"parameters":[],"tags":[]},{"name":"Urunlerin Kategorisel Aranması {\"Kategori\":\"Gıda, Şekerleme\",\"AltKategori\":\"Salça, Harç ve Bulyon\"}","uid":"2863851af9e352dc","parentUid":"f6865bb6ce3acf682f067adfc7d6e5c1","status":"failed","time":{"start":1729679194048,"stop":1729679245767,"duration":51719},"flaky":false,"newFailed":false,"newPassed":false,"newBroken":false,"retriesCount":0,"retriesStatusChange":false,"parameters":[],"tags":[]},{"name":"Urunlerin Kategorisel Aranması {\"Kategori\":\"Bebek Dünyası\",\"AltKategori\":\"Bebek Bezi, Islak Havlu, Alt Açma\"}","uid":"90ecbe10850904af","parentUid":"f6865bb6ce3acf682f067adfc7d6e5c1","status":"passed","time":{"start":1729679247244,"stop":1729679382871,"duration":135627},"flaky":false,"newFailed":false,"newPassed":false,"newBroken":false,"retriesCount":0,"retriesStatusChange":false,"parameters":[],"tags":[]},{"name":"Urunlerin Kategorisel Aranması {\"Kategori\":\"Kağıt, Kozmetik\",\"AltKategori\":\"Bakım Ürünleri ve Epilasyon\"}","uid":"7102d94fc6b8b752","parentUid":"f6865bb6ce3acf682f067adfc7d6e5c1","status":"passed","time":{"start":1729679383296,"stop":1729679549217,"duration":165921},"flaky":false,"newFailed":false,"newPassed":false,"newBroken":false,"retriesCount":0,"retriesStatusChange":false,"parameters":[],"tags":[]},{"name":"Urunlerin Kategorisel Aranması {\"Kategori\":\"Elektronik\",\"AltKategori\":\"Telefon\"}","uid":"b3db3f0d862b1298","parentUid":"f6865bb6ce3acf682f067adfc7d6e5c1","status":"failed","time":{"start":1729679549503,"stop":1729679625063,"duration":75560},"flaky":false,"newFailed":false,"newPassed":false,"newBroken":false,"retriesCount":0,"retriesStatusChange":false,"parameters":[],"tags":[]},{"name":"Urunlerin Kategorisel Aranması {\"Kategori\":\"Ev, Yaşam\",\"AltKategori\":\"Kırtasiye\"}","uid":"af44e53178a54a9e","parentUid":"f6865bb6ce3acf682f067adfc7d6e5c1","status":"failed","time":{"start":1729679626205,"stop":1729679855498,"duration":229293},"flaky":false,"newFailed":false,"newPassed":false,"newBroken":false,"retriesCount":0,"retriesStatusChange":false,"parameters":[],"tags":[]}],"uid":"f6865bb6ce3acf682f067adfc7d6e5c1"},{"name":"Arama","children":[{"name":"Ürün arama ve sepete ekleme {\"urun\":\"Domates\",\"index\":\"2\"}","uid":"5810a9c7f422d13f","parentUid":"ba46017dcc1ccaf1460556fedfd34f62","status":"passed","time":{"start":1729679856588,"stop":1729679917129,"duration":60541},"flaky":false,"newFailed":false,"newPassed":false,"newBroken":false,"retriesCount":0,"retriesStatusChange":false,"parameters":[],"tags":[]},{"name":"Ürün arama ve sepete ekleme {\"urun\":\"Simit\",\"index\":\"2\"}","uid":"d44545b1932e6f11","parentUid":"ba46017dcc1ccaf1460556fedfd34f62","status":"passed","time":{"start":1729679917820,"stop":1729679973740,"duration":55920},"flaky":false,"newFailed":false,"newPassed":false,"newBroken":false,"retriesCount":0,"retriesStatusChange":false,"parameters":[],"tags":[]},{"name":"Ürün arama ve sepete ekleme {\"urun\":\"Makarna\",\"index\":\"3\"}","uid":"bcf71d22055ba531","parentUid":"ba46017dcc1ccaf1460556fedfd34f62","status":"passed","time":{"start":1729679974220,"stop":1729680063242,"duration":89022},"flaky":false,"newFailed":false,"newPassed":false,"newBroken":false,"retriesCount":0,"retriesStatusChange":false,"parameters":[],"tags":[]},{"name":"Ürün arama ve sepete ekleme {\"urun\":\"Yumurta\",\"index\":\"4\"}","uid":"b085968bdd16ede4","parentUid":"ba46017dcc1ccaf1460556fedfd34f62","status":"failed","time":{"start":1729680063870,"stop":1729680116399,"duration":52529},"flaky":false,"newFailed":false,"newPassed":false,"newBroken":false,"retriesCount":0,"retriesStatusChange":false,"parameters":[],"tags":[]}],"uid":"ba46017dcc1ccaf1460556fedfd34f62"},{"name":"Sepetim @current","children":[{"name":"Sepetim Sayfası","uid":"49387662abf808dd","parentUid":"d14a7bbcf16d6480e34d273c56b83682","status":"passed","time":{"start":1729680118160,"stop":1729680244379,"duration":126219},"flaky":false,"newFailed":false,"newPassed":false,"newBroken":false,"retriesCount":0,"retriesStatusChange":false,"parameters":[],"tags":["@current"]}],"uid":"d14a7bbcf16d6480e34d273c56b83682"},{"name":"Sepeti Boşalt","children":[{"name":"Sepeti Boşalt Fonksiyonu","uid":"f09c61f6fa2f2dfd","parentUid":"ab37c91850d8550063b4b7135c9abbf5","status":"passed","time":{"start":1729680245444,"stop":1729680313752,"duration":68308},"flaky":false,"newFailed":false,"newPassed":false,"newBroken":false,"retriesCount":0,"retriesStatusChange":false,"parameters":[],"tags":[]}],"uid":"ab37c91850d8550063b4b7135c9abbf5"}]}